Model,RMSE,MAE,R^2
Random Forest,245888.26508145483,120189.81327991784,0.40153881559544247
Linear Regression,323955.15176720876,223825.91186440678,-0.03879574951269671
Support Vector Machine,327303.16784386226,193020.68755862294,-0.06037822227018408
XGBoost,381109.31270407146,128650.9114150225,-0.4376709461212158
